주문번호,주문일,요일,채널,상품,단가,수량,매출
O1021,2026-09-01,화,웹,보조배터리,29000,2,58000
O1028,2026-09-01,화,앱,노트,4500,2,9000
O1035,2026-09-01,화,앱,노트,4500,4,18000
O1056,2026-09-01,화,매장,머그컵,12000,1,12000
O1062,2026-09-01,화,매장,노트,4500,4,18000
O1159,2026-09-01,화,웹,에코백,9000,1,9000
O1171,2026-09-01,화,웹,노트,4500,1,4500
O1211,2026-09-01,화,웹,보조배터리,29000,4,116000
O1266,2026-09-01,화,앱,노트,4500,1,4500
O1290,2026-09-01,화,앱,텀블러,15000,3,45000
O1007,2026-09-02,수,앱,노트,4500,1,4500
O1050,2026-09-02,수,웹,노트,4500,3,13500
O1052,2026-09-02,수,매장,노트,4500,3,13500
O1065,2026-09-02,수,앱,텀블러,15000,1,15000
O1071,2026-09-02,수,웹,보조배터리,29000,3,87000
O1076,2026-09-02,수,앱,에코백,9000,1,9000
O1106,2026-09-02,수,앱,노트,4500,3,13500
O1147,2026-09-02,수,앱,에코백,9000,1,9000
O1156,2026-09-02,수,매장,머그컵,12000,3,36000
O1179,2026-09-02,수,앱,보조배터리,29000,1,29000
O1233,2026-09-02,수,웹,에코백,9000,1,9000
O1285,2026-09-02,수,웹,머그컵,12000,2,24000
O1027,2026-09-03,목,앱,에코백,9000,1,9000
O1077,2026-09-03,목,웹,머그컵,12000,1,12000
O1115,2026-09-03,목,앱,보조배터리,29000,1,29000
O1135,2026-09-03,목,웹,머그컵,12000,1,12000
O1136,2026-09-03,목,웹,머그컵,12000,2,24000
O1185,2026-09-03,목,웹,머그컵,12000,1,12000
O1204,2026-09-03,목,앱,텀블러,15000,3,45000
O1213,2026-09-03,목,매장,텀블러,15000,1,15000
O1215,2026-09-03,목,웹,에코백,9000,1,9000
O1220,2026-09-03,목,앱,노트,4500,1,4500
O1274,2026-09-03,목,앱,보조배터리,29000,1,29000
O1298,2026-09-03,목,앱,노트,4500,4,18000
O1013,2026-09-04,금,웹,노트,4500,1,4500
O1014,2026-09-04,금,앱,에코백,9000,1,9000
O1018,2026-09-04,금,웹,보조배터리,29000,2,58000
O1148,2026-09-04,금,앱,머그컵,12000,2,24000
O1150,2026-09-04,금,웹,텀블러,15000,4,60000
O1161,2026-09-04,금,앱,텀블러,15000,1,15000
O1175,2026-09-04,금,앱,보조배터리,29000,2,58000
O1190,2026-09-04,금,웹,머그컵,12000,1,12000
O1191,2026-09-04,금,매장,노트,4500,2,9000
O1249,2026-09-04,금,매장,노트,4500,3,13500
O1258,2026-09-04,금,웹,머그컵,12000,1,12000
O1276,2026-09-04,금,앱,텀블러,15000,2,30000
O1279,2026-09-04,금,앱,머그컵,12000,2,24000
O1041,2026-09-05,토,매장,보조배터리,29000,4,116000
O1075,2026-09-05,토,앱,에코백,9000,2,18000
O1085,2026-09-05,토,웹,보조배터리,29000,4,116000
O1130,2026-09-05,토,앱,머그컵,12000,2,24000
O1158,2026-09-05,토,웹,텀블러,15000,2,30000
O1162,2026-09-05,토,매장,노트,4500,6,27000
O1176,2026-09-05,토,앱,노트,4500,1,4500
O1180,2026-09-05,토,앱,노트,4500,1,4500
O1187,2026-09-05,토,웹,텀블러,15000,1,15000
O1221,2026-09-05,토,앱,텀블러,15000,4,60000
O1281,2026-09-05,토,매장,노트,4500,4,18000
O1283,2026-09-05,토,매장,에코백,9000,3,27000
O1054,2026-09-06,일,앱,에코백,9000,4,36000
O1079,2026-09-06,일,웹,노트,4500,3,13500
O1087,2026-09-06,일,앱,에코백,9000,2,18000
O1090,2026-09-06,일,매장,보조배터리,29000,3,87000
O1110,2026-09-06,일,매장,머그컵,12000,6,72000
O1132,2026-09-06,일,웹,텀블러,15000,1,15000
O1139,2026-09-06,일,웹,머그컵,12000,1,12000
O1183,2026-09-06,일,웹,머그컵,12000,1,12000
O1242,2026-09-06,일,앱,에코백,9000,1,9000
O1034,2026-09-07,월,앱,텀블러,15000,1,15000
O1092,2026-09-07,월,매장,머그컵,12000,1,12000
O1107,2026-09-07,월,앱,텀블러,15000,4,60000
O1122,2026-09-07,월,웹,텀블러,15000,2,30000
O1146,2026-09-07,월,웹,보조배터리,29000,2,58000
O1184,2026-09-07,월,앱,텀블러,15000,1,15000
O1189,2026-09-07,월,매장,텀블러,15000,1,15000
O1199,2026-09-07,월,웹,텀블러,15000,1,15000
O1200,2026-09-07,월,웹,머그컵,12000,3,36000
O1210,2026-09-07,월,매장,머그컵,12000,2,24000
O1235,2026-09-07,월,앱,노트,4500,2,9000
O1275,2026-09-07,월,앱,텀블러,15000,3,45000
O1284,2026-09-07,월,매장,보조배터리,29000,1,29000
O1023,2026-09-08,화,앱,에코백,9000,2,18000
O1036,2026-09-08,화,앱,보조배터리,29000,1,29000
O1051,2026-09-08,화,매장,텀블러,15000,1,15000
O1061,2026-09-08,화,웹,노트,4500,1,4500
O1100,2026-09-08,화,웹,에코백,9000,1,9000
O1149,2026-09-08,화,웹,노트,4500,1,4500
O1198,2026-09-08,화,앱,보조배터리,29000,1,29000
O1208,2026-09-08,화,웹,에코백,9000,1,9000
O1217,2026-09-08,화,웹,머그컵,12000,1,12000
O1277,2026-09-08,화,매장,보조배터리,29000,1,29000
O1042,2026-09-09,수,웹,보조배터리,29000,1,29000
O1047,2026-09-09,수,앱,에코백,9000,1,9000
O1127,2026-09-09,수,웹,보조배터리,29000,2,58000
O1174,2026-09-09,수,매장,텀블러,15000,1,15000
O1212,2026-09-09,수,웹,텀블러,15000,1,15000
O1225,2026-09-09,수,매장,머그컵,12000,1,12000
O1240,2026-09-09,수,앱,보조배터리,29000,1,29000
O1245,2026-09-09,수,앱,텀블러,15000,1,15000
O1260,2026-09-09,수,앱,노트,4500,1,4500
O1264,2026-09-09,수,앱,에코백,9000,3,27000
O1030,2026-09-10,목,웹,머그컵,12000,1,12000
O1037,2026-09-10,목,매장,머그컵,12000,4,48000
O1043,2026-09-10,목,앱,노트,4500,1,4500
O1095,2026-09-10,목,앱,보조배터리,29000,1,29000
O1152,2026-09-10,목,앱,보조배터리,29000,1,29000
O1157,2026-09-10,목,웹,텀블러,15000,4,60000
O1192,2026-09-10,목,웹,보조배터리,29000,2,58000
O1209,2026-09-10,목,앱,머그컵,12000,1,12000
O1216,2026-09-10,목,매장,머그컵,12000,2,24000
O1230,2026-09-10,목,웹,에코백,9000,4,36000
O1011,2026-09-11,금,매장,노트,4500,2,9000
O1067,2026-09-11,금,앱,텀블러,15000,1,15000
O1103,2026-09-11,금,앱,에코백,9000,4,36000
O1300,2026-09-11,금,매장,보조배터리,29000,1,29000
O1006,2026-09-12,토,웹,텀블러,15000,4,60000
O1020,2026-09-12,토,웹,텀블러,15000,1,15000
O1026,2026-09-12,토,앱,노트,4500,2,9000
O1099,2026-09-12,토,앱,머그컵,12000,2,24000
O1181,2026-09-12,토,앱,보조배터리,29000,1,29000
O1278,2026-09-12,토,앱,머그컵,12000,3,36000
O1287,2026-09-12,토,앱,보조배터리,29000,4,116000
O1288,2026-09-12,토,앱,에코백,9000,1,9000
O1289,2026-09-12,토,앱,보조배터리,29000,1,29000
O1299,2026-09-12,토,앱,보조배터리,29000,2,58000
O1010,2026-09-13,일,웹,노트,4500,1,4500
O1038,2026-09-13,일,앱,노트,4500,1,4500
O1046,2026-09-13,일,웹,에코백,9000,1,9000
O1083,2026-09-13,일,앱,텀블러,15000,2,30000
O1088,2026-09-13,일,앱,머그컵,12000,1,12000
O1093,2026-09-13,일,웹,보조배터리,29000,1,29000
O1105,2026-09-13,일,매장,보조배터리,29000,5,145000
O1164,2026-09-13,일,웹,텀블러,15000,2,30000
O1167,2026-09-13,일,웹,텀블러,15000,2,30000
O1169,2026-09-13,일,앱,머그컵,12000,1,12000
O1195,2026-09-13,일,웹,텀블러,15000,1,15000
O1269,2026-09-13,일,앱,텀블러,15000,4,60000
O1002,2026-09-14,월,웹,보조배터리,29000,1,29000
O1008,2026-09-14,월,웹,텀블러,15000,1,15000
O1029,2026-09-14,월,앱,에코백,9000,4,36000
O1039,2026-09-14,월,앱,에코백,9000,3,27000
O1058,2026-09-14,월,앱,에코백,9000,1,9000
O1064,2026-09-14,월,웹,노트,4500,2,9000
O1098,2026-09-14,월,웹,노트,4500,1,4500
O1131,2026-09-14,월,앱,에코백,9000,4,36000
O1143,2026-09-14,월,웹,에코백,9000,1,9000
O1173,2026-09-14,월,앱,텀블러,15000,1,15000
O1226,2026-09-14,월,웹,노트,4500,1,4500
O1227,2026-09-14,월,매장,보조배터리,29000,1,29000
O1257,2026-09-14,월,앱,에코백,9000,1,9000
O1297,2026-09-14,월,웹,에코백,9000,1,9000
O1032,2026-09-15,화,앱,텀블러,15000,1,15000
O1123,2026-09-15,화,앱,보조배터리,29000,2,58000
O1125,2026-09-15,화,매장,노트,4500,2,9000
O1145,2026-09-15,화,웹,머그컵,12000,1,12000
O1177,2026-09-15,화,앱,노트,4500,1,4500
O1218,2026-09-15,화,앱,노트,4500,1,4500
O1237,2026-09-15,화,웹,노트,4500,1,4500
O1060,2026-09-16,수,앱,텀블러,15000,1,15000
O1068,2026-09-16,수,앱,보조배터리,29000,2,58000
O1070,2026-09-16,수,매장,머그컵,12000,1,12000
O1101,2026-09-16,수,웹,텀블러,15000,2,30000
O1102,2026-09-16,수,앱,머그컵,12000,1,12000
O1114,2026-09-16,수,앱,보조배터리,29000,1,29000
O1120,2026-09-16,수,웹,머그컵,12000,1,12000
O1166,2026-09-16,수,매장,텀블러,15000,4,60000
O1188,2026-09-16,수,앱,보조배터리,29000,1,29000
O1214,2026-09-16,수,앱,머그컵,12000,4,48000
O1222,2026-09-16,수,웹,텀블러,15000,3,45000
O1286,2026-09-16,수,웹,머그컵,12000,4,48000
O1049,2026-09-17,목,매장,텀블러,15000,2,30000
O1055,2026-09-17,목,웹,보조배터리,29000,2,58000
O1082,2026-09-17,목,앱,에코백,9000,1,9000
O1140,2026-09-17,목,웹,노트,4500,3,13500
O1241,2026-09-17,목,앱,머그컵,12000,1,12000
O1262,2026-09-17,목,웹,에코백,9000,2,18000
O1045,2026-09-18,금,앱,보조배터리,29000,1,29000
O1116,2026-09-18,금,앱,텀블러,15000,4,60000
O1154,2026-09-18,금,매장,텀블러,15000,4,60000
O1160,2026-09-18,금,앱,텀블러,15000,2,30000
O1207,2026-09-18,금,웹,노트,4500,1,4500
O1248,2026-09-18,금,앱,텀블러,15000,1,15000
O1255,2026-09-18,금,매장,노트,4500,2,9000
O1268,2026-09-18,금,웹,머그컵,12000,2,24000
O1009,2026-09-19,토,매장,텀블러,15000,3,45000
O1059,2026-09-19,토,앱,에코백,9000,1,9000
O1063,2026-09-19,토,앱,텀블러,15000,1,15000
O1128,2026-09-19,토,웹,텀블러,15000,1,15000
O1129,2026-09-19,토,웹,보조배터리,29000,2,58000
O1186,2026-09-19,토,매장,머그컵,12000,3,36000
O1202,2026-09-19,토,앱,텀블러,15000,2,30000
O1229,2026-09-19,토,웹,노트,4500,3,13500
O1251,2026-09-19,토,앱,보조배터리,29000,1,29000
O1270,2026-09-19,토,웹,보조배터리,29000,1,29000
O1069,2026-09-20,일,웹,에코백,9000,1,9000
O1080,2026-09-20,일,매장,텀블러,15000,3,45000
O1096,2026-09-20,일,앱,머그컵,12000,1,12000
O1117,2026-09-20,일,웹,텀블러,15000,1,15000
O1121,2026-09-20,일,앱,에코백,9000,1,9000
O1144,2026-09-20,일,앱,노트,4500,1,4500
O1151,2026-09-20,일,웹,머그컵,12000,2,24000
O1250,2026-09-20,일,앱,노트,4500,1,4500
O1256,2026-09-20,일,앱,텀블러,15000,2,30000
O1292,2026-09-20,일,앱,에코백,9000,1,9000
O1057,2026-09-21,월,앱,텀블러,15000,2,30000
O1078,2026-09-21,월,앱,보조배터리,29000,3,87000
O1081,2026-09-21,월,앱,텀블러,15000,1,15000
O1086,2026-09-21,월,앱,에코백,9000,1,9000
O1170,2026-09-21,월,앱,보조배터리,29000,2,58000
O1223,2026-09-21,월,웹,텀블러,15000,2,30000
O1238,2026-09-21,월,매장,보조배터리,29000,1,29000
O1293,2026-09-21,월,앱,텀블러,15000,2,30000
O1296,2026-09-21,월,앱,머그컵,12000,2,24000
O1066,2026-09-22,화,앱,텀블러,15000,2,30000
O1072,2026-09-22,화,웹,에코백,9000,4,36000
O1104,2026-09-22,화,웹,에코백,9000,1,9000
O1111,2026-09-22,화,앱,보조배터리,29000,1,29000
O1124,2026-09-22,화,매장,텀블러,15000,1,15000
O1137,2026-09-22,화,웹,텀블러,15000,4,60000
O1155,2026-09-22,화,앱,텀블러,15000,1,15000
O1172,2026-09-22,화,앱,텀블러,15000,1,15000
O1239,2026-09-22,화,앱,노트,4500,1,4500
O1247,2026-09-22,화,웹,노트,4500,1,4500
O1004,2026-09-23,수,웹,에코백,9000,1,9000
O1015,2026-09-23,수,앱,노트,4500,3,13500
O1141,2026-09-23,수,앱,텀블러,15000,2,30000
O1234,2026-09-23,수,앱,노트,4500,3,13500
O1280,2026-09-23,수,매장,보조배터리,29000,1,29000
O1294,2026-09-23,수,매장,보조배터리,29000,4,116000
O1005,2026-09-24,목,앱,노트,4500,1,4500
O1012,2026-09-24,목,웹,에코백,9000,1,9000
O1025,2026-09-24,목,앱,노트,4500,1,4500
O1048,2026-09-24,목,웹,에코백,9000,1,9000
O1089,2026-09-24,목,웹,노트,4500,1,4500
O1194,2026-09-24,목,앱,에코백,9000,1,9000
O1201,2026-09-24,목,웹,머그컵,12000,1,12000
O1203,2026-09-24,목,웹,머그컵,12000,4,48000
O1205,2026-09-24,목,앱,에코백,9000,1,9000
O1231,2026-09-24,목,매장,에코백,9000,1,9000
O1252,2026-09-24,목,웹,보조배터리,29000,1,29000
O1265,2026-09-24,목,앱,보조배터리,29000,1,29000
O1022,2026-09-25,금,앱,보조배터리,29000,2,58000
O1040,2026-09-25,금,앱,에코백,9000,2,18000
O1084,2026-09-25,금,매장,에코백,9000,1,9000
O1097,2026-09-25,금,앱,머그컵,12000,2,24000
O1108,2026-09-25,금,매장,텀블러,15000,1,15000
O1109,2026-09-25,금,앱,노트,4500,1,4500
O1112,2026-09-25,금,웹,에코백,9000,2,18000
O1138,2026-09-25,금,앱,머그컵,12000,1,12000
O1142,2026-09-25,금,매장,텀블러,15000,1,15000
O1196,2026-09-25,금,앱,에코백,9000,2,18000
O1232,2026-09-25,금,웹,에코백,9000,1,9000
O1261,2026-09-25,금,매장,에코백,9000,2,18000
O1272,2026-09-25,금,웹,텀블러,15000,1,15000
O1295,2026-09-25,금,웹,보조배터리,29000,1,29000
O1003,2026-09-26,토,앱,에코백,9000,4,36000
O1113,2026-09-26,토,웹,보조배터리,29000,2,58000
O1119,2026-09-26,토,웹,머그컵,12000,2,24000
O1182,2026-09-26,토,웹,노트,4500,1,4500
O1193,2026-09-26,토,매장,머그컵,12000,3,36000
O1244,2026-09-26,토,매장,텀블러,15000,6,90000
O1253,2026-09-26,토,앱,노트,4500,4,18000
O1282,2026-09-26,토,앱,보조배터리,29000,1,29000
O1001,2026-09-27,일,앱,텀블러,15000,2,30000
O1016,2026-09-27,일,앱,텀블러,15000,2,30000
O1017,2026-09-27,일,웹,보조배터리,29000,3,87000
O1053,2026-09-27,일,앱,노트,4500,1,4500
O1126,2026-09-27,일,앱,보조배터리,29000,4,116000
O1133,2026-09-27,일,웹,보조배터리,29000,2,58000
O1163,2026-09-27,일,웹,보조배터리,29000,1,29000
O1219,2026-09-27,일,웹,텀블러,15000,2,30000
O1228,2026-09-27,일,웹,머그컵,12000,1,12000
O1236,2026-09-27,일,앱,노트,4500,1,4500
O1259,2026-09-27,일,앱,에코백,9000,1,9000
O1074,2026-09-28,월,앱,에코백,9000,1,9000
O1094,2026-09-28,월,앱,보조배터리,29000,2,58000
O1134,2026-09-28,월,매장,텀블러,15000,3,45000
O1178,2026-09-28,월,매장,노트,4500,1,4500
O1206,2026-09-28,월,앱,에코백,9000,2,18000
O1246,2026-09-28,월,앱,머그컵,12000,4,48000
O1254,2026-09-28,월,앱,머그컵,12000,2,24000
O1019,2026-09-29,화,앱,머그컵,12000,2,24000
O1153,2026-09-29,화,매장,텀블러,15000,2,30000
O1197,2026-09-29,화,앱,텀블러,15000,2,30000
O1243,2026-09-29,화,웹,텀블러,15000,2,30000
O1263,2026-09-29,화,앱,머그컵,12000,1,12000
O1271,2026-09-29,화,웹,머그컵,12000,1,12000
O1291,2026-09-29,화,웹,에코백,9000,2,18000
O1024,2026-09-30,수,앱,머그컵,12000,3,36000
O1031,2026-09-30,수,웹,머그컵,12000,4,48000
O1033,2026-09-30,수,매장,머그컵,12000,1,12000
O1044,2026-09-30,수,매장,보조배터리,29000,1,29000
O1073,2026-09-30,수,앱,에코백,9000,3,27000
O1091,2026-09-30,수,매장,노트,4500,1,4500
O1118,2026-09-30,수,앱,머그컵,12000,3,36000
O1165,2026-09-30,수,앱,보조배터리,29000,1,29000
O1168,2026-09-30,수,웹,머그컵,12000,2,24000
O1224,2026-09-30,수,매장,머그컵,12000,1,12000
O1267,2026-09-30,수,매장,텀블러,15000,2,30000
O1273,2026-09-30,수,매장,에코백,9000,1,9000
