주문번호,주문일,지역,채널,담당자,상품코드,수량,단가,결제상태
A1001,2026.7.1,경기 ,앱,이서연 ,P001,2,"15,000원",결제완료
A1002,2026-07-01,부산,웹,최유나,P001,3,15000,결제완료
A1003,20260701,부산,앱,박지호,P005,3,7000,결제완료
A1004,2026-07-02,부산시,웹,김민준 ,P003,1,12000,결제 완료
A1005,20260703,대구,앱,박지호,P002,2,9000,결제완료
A1006,2026-07-05,부산,웹,김민준,P003,1,"12,000원",결제완료
A1007,2026-07-06,서울,앱,박지호,P001,8,"15,000원",환불
A1008,2026.7.7,경기,웹,김민준,P002,6,9000,결제완료
A1009,2026.7.7,서울특별시,앱,최유나,P001,1,"15,000원",결제완료
A1010,20260708,부산시,웹,최유나,P004,1,"29,000원",결제완료
A1011,7/8/2026,서울특별시,앱,이서연 ,P003,2,"12,000원",결제완료
A1012,2026-07-08,부산시,웹,박지호,P001,1,15000,완료
A1013,20260708,경기,앱,김민준,P002,1개,9000,결제완료
A1014,7/9/2026,부산,웹,김민준,P006,3,45000,결제 완료
A1015,2026-07-10,부산광역시,웹,박지호,P004,1,"29,000원",결제 완료
A1016,2026-07-15,서울,앱,최유나,P002,3,9000,결제 완료
A1017,2026-07-17,경기,앱,이서연,P006,1,45000,결제완료
A1018,2026.7.17,서울,앱,박지호,P003,300,12000,결제완료
A1019,2026-07-17,경기 ,웹,박지호,P001,2개,"15,000원",완료
A1020,2026-07-18,부산광역시,웹,이서연,P004,2,29000,결제 완료
A1021,20260718,광주광역시,앱,최유나,P003,6,12000,완료
A1022,2026.7.20,대구,웹,박지호,P003,1,"12,000원",결제완료
A1023,2026-07-20,서울시,앱,김민준,P002,1,9000,결제완료
A1024,2026-07-21,부산시,웹,최유나,P005,1,7000,결제완료
A1025,2026-07-21,부산시,웹,최유나,P003,2,"12,000원",결제완료
A1026,2026-07-21,경기 ,앱,최유나,P006,1개,45000,취소
A1027,7/24/2026,서울,웹,김민준,P001,1,15000,결제완료
A1028,2026.7.26,서울특별시,웹,최유나,P002,6개,9000,결제완료
A1029,7/26/2026,서울,앱,김민준,P002,5,9000,취소
A1030,2026.7.27,광주,앱,김민준,P001,2,15000,취소
A1031,2026-07-28,대구,앱,최유나,P001,4개,15000,취소
A1032,2026-07-28,부산,웹,김민준 ,P004,6,29000,환불
A1033,7/30/2026,서울,웹,최유나,P005,1,"7,000원",결제완료
A1034,7/31/2026,서울,앱,이서연,P003,2,12000,결제 완료
A1035,2026-07-31,seoul,앱,김민준,P003,1,12000,결제완료
A1036,2026-07-31,seoul,웹,최유나,P001,3개,15000,결제완료
A1037,8/1/2026,경기 ,앱,박지호 ,P004,2,29000,결제완료
A1038,2026-08-01,서울시,앱,최유나,P001,2,15000,결제완료
A1039,2026-08-01, 서울,앱,최유나,P006,2,45000,결제완료
A1040,8/1/2026, 서울,웹,박지호,P005,2,7000,결제 완료
A1041,20260803,광주,웹,박지호 ,P003,8,"12,000원",결제완료
A1042,2026.8.4,경기,앱,최유나,P005,1개,7000,결제완료
A1043,2026.8.6,서울,오프라인,박지호 ,P001,2,15000,결제완료
A1044,2026-08-06,경기,웹,박지호,P003,2,12000,결제완료
A1045,2026-08-06,서울,앱,박지호,P005,2,"7,000원",결제완료
A1046,20260806,경기,웹,박지호,P001,1,15000,결제완료
A1047,8/7/2026,서울,웹,이서연 ,P002,1개,"9,000원",완료
A1048,2026-08-07,경기 ,웹,박지호,P001,2,15000,결제완료
A1049,2026-08-08, 서울,앱,박지호,P006,2,45000,완료
A1050,2026.8.9,부산광역시,앱,이서연 ,P005,10,7000,취소
A1051,8/9/2026,대구광역시,오프라인,박지호,P001,4개,15000,결제완료
A1052,2026-08-10,경기 ,오프라인,김민준,P002,5,9000,취소
A1053,8/11/2026,경기,웹,최유나,P001,1,15000,결제완료
A1054,8/11/2026,경기 ,웹,최유나,P005,1,7000,결제완료
A1055,2026-08-11,부산광역시,앱,김민준,P001,2,15000,결제 완료
A1056,2026-08-13,서울,오프라인,박지호,P004,2,"29,000원",결제완료
A1057,2026.8.13,경기,앱,이서연,P002,10,9000,결제완료
A1058,2026.8.13,경기,오프라인,이서연,P004,1개,29000,결제 완료
A1059,2026-08-15,서울,앱,김민준 ,P005,2,7000,결제완료
A1060,8/16/2026,대구광역시,앱,최유나,P002,8,9000,결제 완료
A1061,2026.8.16,대구광역시,앱,박지호 ,P003,5개,12000,환불
A1062,2026.8.17,서울,앱,이서연,P003,1,12000,환불
A1063,2026-08-18,서울특별시,웹,이서연,P004,5,29000,결제완료
A1064,2026.8.19,경기도,오프라인,최유나,P001,,"15,000원",결제완료
A1065,2026-08-20,경기 ,앱,이서연,P006,250,45000,결제완료
A1066,2026-08-20,서울시,웹,최유나,P003,2,12000,결제완료
A1067,2026.8.21,부산,웹,최유나,P003,4,"12,000원",완료
A1068,2026.8.21,경기 ,앱,박지호,P002,3,9000,결제완료
A1069,20260822,경기 ,웹,최유나,P003,,12000,결제완료
A1070,2026.8.22,부산,웹,박지호 ,P006,4개,45000,결제 완료
A1071,2026-08-23,서울,웹,최유나 ,P001,5개,15000,완료
A1072,8/24/2026,서울,앱,박지호,P002,1,9000,결제완료
A1073,2026.8.25,대구,앱,이서연,P006,1,45000,결제완료
A1074,2026-08-26,부산시,앱,이서연 ,P003,10,12000,결제완료
A1075,2026-08-27,경기,오프라인,최유나 ,P002,3,"9,000원",결제 완료
A1076,8/27/2026,광주광역시,앱,김민준,P001,2,15000,결제완료
A1077,2026.8.28,서울,오프라인,김민준,P002,1,"9,000원",주문취소
A1078,8/28/2026,서울,앱,최유나,P001,3개,15000,결제완료
A1079,2026.8.29,광주광역시,웹,최유나,P002,1,9000,결제완료
A1080,8/30/2026,경기,오프라인,이서연,P003,1,12000,결제완료
A1081,2026-08-31,광주,웹,김민준,P003,1,12000,결제완료
A1082,2026-08-31, 서울,앱,김민준,P001,10개,15000,완료
A1083,2026.8.31,대구,앱,이서연,P004,6개,29000,결제 완료
A1084,2026-09-02,서울특별시,앱,이서연,P002,1개,"9,000원",결제완료
A1085,20260903,광주광역시,앱,이서연,P002,3,9000,결제완료
A1086,2026-09-03,광주광역시,앱,최유나,P002,6,9000,결제 완료
A1087,2026.9.3,대구,웹,최유나,P001,1,15000,완료
A1088,2026-09-04,경기도,앱,최유나,P001,2,15000,결제완료
A1089,2026-09-05,서울,오프라인,최유나,P001,5,15000,취소
A1090,2026-09-06,대구,웹,이서연,P001,5,15000,결제 완료
A1091,2026-09-06,광주,웹,이서연,P005,4,"7,000원",결제완료
A1092,2026-09-07,광주,오프라인,이서연,P002,-2,9000,결제완료
A1093,2026-09-07,서울,앱,박지호 ,P004,2,"29,000원",결제 완료
A1094,20260907,경기도,오프라인,박지호,P001,1,15000,결제완료
A1095,2026-09-08,대구,앱,이서연,P001,2,15000,완료
A1096,2026-09-08,대구,앱,최유나,P002,2,9000,결제완료
A1069,20260822,경기 ,웹,최유나,P003,,12000,결제완료
A1097,2026-09-09,서울,앱,김민준,P002,2,9000,결제 완료
A1065,2026-08-20,경기 ,앱,이서연,P006,250,45000,결제완료
A1098,2026-09-10,서울,웹,이서연,P005,4,"7,000원",결제 완료
A1099,2026-09-10,대구광역시,오프라인,이서연,P002,10,9000,결제완료
A1100,2026.9.10,경기도,웹,이서연,P004,1,"29,000원",결제완료
A1101,2026-09-11,서울,웹,이서연,P005,2,7000,결제완료
A1102,2026.9.13,부산광역시,웹,최유나,P003,3,12000,취소
A1103,9/14/2026,서울,웹,이서연 ,P001,8,15000,결제 완료
A1104,2026.9.17,경기,웹,김민준,P003,2,12000,결제완료
A1105,2026.9.18,경기,웹,박지호,P002,6개,9000,취소
A1106,2026-09-18,대구,웹,최유나,P003,,12000,결제완료
A1098,2026-09-10,서울,웹,이서연,P005,4,"7,000원",결제 완료
A1107,2026-09-18,서울,웹,김민준,P001,1개,15000,결제완료
A1108,2026.9.18,대구,앱,박지호,P006,4,"45,000원",결제완료
A1109,2026-09-20,서울,앱,최유나 ,P001,1,15000,결제완료
A1110,2026-09-20,서울,오프라인,박지호,P001,2,"15,000원",결제완료
A1111,2026-09-20,대구광역시,앱,박지호,P006,2개,"45,000원",결제완료
A1112,2026.9.22,경기 ,앱,김민준,P001,3개,15000,환불
A1016,2026-07-15,서울,앱,최유나,P002,3,9000,결제 완료
A1113,2026.9.22,서울,앱,김민준,P005,3,7000,결제완료
A1112,2026.9.22,경기 ,앱,김민준,P001,3개,15000,환불
A1114,20260924,서울특별시,앱,이서연,P004,2,"29,000원",주문취소
A1115,9/24/2026,서울,앱,최유나,P006,4개,45000,결제완료
A1116,20260924,경기,웹,최유나,P004,6개,29000,결제 완료
A1117,2026-09-25, 서울,웹,김민준,P001,1,15000,결제 완료
A1118,2026-09-26,부산시,앱,이서연,P005,1,7000,결제 완료
A1119,2026.9.28,경기,앱,김민준,P002,5,"9,000원",결제완료
A1120,9/29/2026,대구,오프라인,이서연,P004,3개,29000,환불
