주문번호,주문일,월,지역,채널,담당자,상품코드,수량,단가,금액,결제상태,집계대상,비고
A1001,2026-07-01,2026-07,경기,앱,이서연,P001,2,15000,30000,결제완료,Y,
A1002,2026-07-01,2026-07,부산,웹,최유나,P001,3,15000,45000,결제완료,Y,
A1003,2026-07-01,2026-07,부산,앱,박지호,P005,3,7000,21000,결제완료,Y,
A1004,2026-07-02,2026-07,부산,웹,김민준,P003,1,12000,12000,결제완료,Y,
A1005,2026-07-03,2026-07,대구,앱,박지호,P002,2,9000,18000,결제완료,Y,
A1006,2026-07-05,2026-07,부산,웹,김민준,P003,1,12000,12000,결제완료,Y,
A1007,2026-07-06,2026-07,서울,앱,박지호,P001,8,15000,120000,환불,N,
A1008,2026-07-07,2026-07,경기,웹,김민준,P002,6,9000,54000,결제완료,Y,
A1009,2026-07-07,2026-07,서울,앱,최유나,P001,1,15000,15000,결제완료,Y,
A1010,2026-07-08,2026-07,부산,웹,최유나,P004,1,29000,29000,결제완료,Y,
A1011,2026-07-08,2026-07,서울,앱,이서연,P003,2,12000,24000,결제완료,Y,
A1012,2026-07-08,2026-07,부산,웹,박지호,P001,1,15000,15000,결제완료,Y,
A1013,2026-07-08,2026-07,경기,앱,김민준,P002,1,9000,9000,결제완료,Y,
A1014,2026-07-09,2026-07,부산,웹,김민준,P006,3,45000,135000,결제완료,Y,
A1015,2026-07-10,2026-07,부산,웹,박지호,P004,1,29000,29000,결제완료,Y,
A1016,2026-07-15,2026-07,서울,앱,최유나,P002,3,9000,27000,결제완료,Y,
A1017,2026-07-17,2026-07,경기,앱,이서연,P006,1,45000,45000,결제완료,Y,
A1018,2026-07-17,2026-07,서울,앱,박지호,P003,300,12000,3600000,결제완료,N,검토 필요(수량 이상치)
A1019,2026-07-17,2026-07,경기,웹,박지호,P001,2,15000,30000,결제완료,Y,
A1020,2026-07-18,2026-07,부산,웹,이서연,P004,2,29000,58000,결제완료,Y,
A1021,2026-07-18,2026-07,광주,앱,최유나,P003,6,12000,72000,결제완료,Y,
A1022,2026-07-20,2026-07,대구,웹,박지호,P003,1,12000,12000,결제완료,Y,
A1023,2026-07-20,2026-07,서울,앱,김민준,P002,1,9000,9000,결제완료,Y,
A1024,2026-07-21,2026-07,부산,웹,최유나,P005,1,7000,7000,결제완료,Y,
A1025,2026-07-21,2026-07,부산,웹,최유나,P003,2,12000,24000,결제완료,Y,
A1026,2026-07-21,2026-07,경기,앱,최유나,P006,1,45000,45000,취소,N,
A1027,2026-07-24,2026-07,서울,웹,김민준,P001,1,15000,15000,결제완료,Y,
A1028,2026-07-26,2026-07,서울,웹,최유나,P002,6,9000,54000,결제완료,Y,
A1029,2026-07-26,2026-07,서울,앱,김민준,P002,5,9000,45000,취소,N,
A1030,2026-07-27,2026-07,광주,앱,김민준,P001,2,15000,30000,취소,N,
A1031,2026-07-28,2026-07,대구,앱,최유나,P001,4,15000,60000,취소,N,
A1032,2026-07-28,2026-07,부산,웹,김민준,P004,6,29000,174000,환불,N,
A1033,2026-07-30,2026-07,서울,웹,최유나,P005,1,7000,7000,결제완료,Y,
A1034,2026-07-31,2026-07,서울,앱,이서연,P003,2,12000,24000,결제완료,Y,
A1035,2026-07-31,2026-07,서울,앱,김민준,P003,1,12000,12000,결제완료,Y,
A1036,2026-07-31,2026-07,서울,웹,최유나,P001,3,15000,45000,결제완료,Y,
A1037,2026-08-01,2026-08,경기,앱,박지호,P004,2,29000,58000,결제완료,Y,
A1038,2026-08-01,2026-08,서울,앱,최유나,P001,2,15000,30000,결제완료,Y,
A1039,2026-08-01,2026-08,서울,앱,최유나,P006,2,45000,90000,결제완료,Y,
A1040,2026-08-01,2026-08,서울,웹,박지호,P005,2,7000,14000,결제완료,Y,
A1041,2026-08-03,2026-08,광주,웹,박지호,P003,8,12000,96000,결제완료,Y,
A1042,2026-08-04,2026-08,경기,앱,최유나,P005,1,7000,7000,결제완료,Y,
A1043,2026-08-06,2026-08,서울,오프라인,박지호,P001,2,15000,30000,결제완료,Y,
A1044,2026-08-06,2026-08,경기,웹,박지호,P003,2,12000,24000,결제완료,Y,
A1045,2026-08-06,2026-08,서울,앱,박지호,P005,2,7000,14000,결제완료,Y,
A1046,2026-08-06,2026-08,경기,웹,박지호,P001,1,15000,15000,결제완료,Y,
A1047,2026-08-07,2026-08,서울,웹,이서연,P002,1,9000,9000,결제완료,Y,
A1048,2026-08-07,2026-08,경기,웹,박지호,P001,2,15000,30000,결제완료,Y,
A1049,2026-08-08,2026-08,서울,앱,박지호,P006,2,45000,90000,결제완료,Y,
A1050,2026-08-09,2026-08,부산,앱,이서연,P005,10,7000,70000,취소,N,
A1051,2026-08-09,2026-08,대구,오프라인,박지호,P001,4,15000,60000,결제완료,Y,
A1052,2026-08-10,2026-08,경기,오프라인,김민준,P002,5,9000,45000,취소,N,
A1053,2026-08-11,2026-08,경기,웹,최유나,P001,1,15000,15000,결제완료,Y,
A1054,2026-08-11,2026-08,경기,웹,최유나,P005,1,7000,7000,결제완료,Y,
A1055,2026-08-11,2026-08,부산,앱,김민준,P001,2,15000,30000,결제완료,Y,
A1056,2026-08-13,2026-08,서울,오프라인,박지호,P004,2,29000,58000,결제완료,Y,
A1057,2026-08-13,2026-08,경기,앱,이서연,P002,10,9000,90000,결제완료,Y,
A1058,2026-08-13,2026-08,경기,오프라인,이서연,P004,1,29000,29000,결제완료,Y,
A1059,2026-08-15,2026-08,서울,앱,김민준,P005,2,7000,14000,결제완료,Y,
A1060,2026-08-16,2026-08,대구,앱,최유나,P002,8,9000,72000,결제완료,Y,
A1061,2026-08-16,2026-08,대구,앱,박지호,P003,5,12000,60000,환불,N,
A1062,2026-08-17,2026-08,서울,앱,이서연,P003,1,12000,12000,환불,N,
A1063,2026-08-18,2026-08,서울,웹,이서연,P004,5,29000,145000,결제완료,Y,
A1064,2026-08-19,2026-08,경기,오프라인,최유나,P001,,15000,,결제완료,N,수량 빈칸
A1065,2026-08-20,2026-08,경기,앱,이서연,P006,250,45000,11250000,결제완료,N,검토 필요(수량 이상치)
A1066,2026-08-20,2026-08,서울,웹,최유나,P003,2,12000,24000,결제완료,Y,
A1067,2026-08-21,2026-08,부산,웹,최유나,P003,4,12000,48000,결제완료,Y,
A1068,2026-08-21,2026-08,경기,앱,박지호,P002,3,9000,27000,결제완료,Y,
A1069,2026-08-22,2026-08,경기,웹,최유나,P003,,12000,,결제완료,N,수량 빈칸
A1070,2026-08-22,2026-08,부산,웹,박지호,P006,4,45000,180000,결제완료,Y,
A1071,2026-08-23,2026-08,서울,웹,최유나,P001,5,15000,75000,결제완료,Y,
A1072,2026-08-24,2026-08,서울,앱,박지호,P002,1,9000,9000,결제완료,Y,
A1073,2026-08-25,2026-08,대구,앱,이서연,P006,1,45000,45000,결제완료,Y,
A1074,2026-08-26,2026-08,부산,앱,이서연,P003,10,12000,120000,결제완료,Y,
A1075,2026-08-27,2026-08,경기,오프라인,최유나,P002,3,9000,27000,결제완료,Y,
A1076,2026-08-27,2026-08,광주,앱,김민준,P001,2,15000,30000,결제완료,Y,
A1077,2026-08-28,2026-08,서울,오프라인,김민준,P002,1,9000,9000,취소,N,
A1078,2026-08-28,2026-08,서울,앱,최유나,P001,3,15000,45000,결제완료,Y,
A1079,2026-08-29,2026-08,광주,웹,최유나,P002,1,9000,9000,결제완료,Y,
A1080,2026-08-30,2026-08,경기,오프라인,이서연,P003,1,12000,12000,결제완료,Y,
A1081,2026-08-31,2026-08,광주,웹,김민준,P003,1,12000,12000,결제완료,Y,
A1082,2026-08-31,2026-08,서울,앱,김민준,P001,10,15000,150000,결제완료,Y,
A1083,2026-08-31,2026-08,대구,앱,이서연,P004,6,29000,174000,결제완료,Y,
A1084,2026-09-02,2026-09,서울,앱,이서연,P002,1,9000,9000,결제완료,Y,
A1085,2026-09-03,2026-09,광주,앱,이서연,P002,3,9000,27000,결제완료,Y,
A1086,2026-09-03,2026-09,광주,앱,최유나,P002,6,9000,54000,결제완료,Y,
A1087,2026-09-03,2026-09,대구,웹,최유나,P001,1,15000,15000,결제완료,Y,
A1088,2026-09-04,2026-09,경기,앱,최유나,P001,2,15000,30000,결제완료,Y,
A1089,2026-09-05,2026-09,서울,오프라인,최유나,P001,5,15000,75000,취소,N,
A1090,2026-09-06,2026-09,대구,웹,이서연,P001,5,15000,75000,결제완료,Y,
A1091,2026-09-06,2026-09,광주,웹,이서연,P005,4,7000,28000,결제완료,Y,
A1092,2026-09-07,2026-09,광주,오프라인,이서연,P002,-2,9000,-18000,결제완료,N,검토 필요(수량 이상치)
A1093,2026-09-07,2026-09,서울,앱,박지호,P004,2,29000,58000,결제완료,Y,
A1094,2026-09-07,2026-09,경기,오프라인,박지호,P001,1,15000,15000,결제완료,Y,
A1095,2026-09-08,2026-09,대구,앱,이서연,P001,2,15000,30000,결제완료,Y,
A1096,2026-09-08,2026-09,대구,앱,최유나,P002,2,9000,18000,결제완료,Y,
A1097,2026-09-09,2026-09,서울,앱,김민준,P002,2,9000,18000,결제완료,Y,
A1098,2026-09-10,2026-09,서울,웹,이서연,P005,4,7000,28000,결제완료,Y,
A1099,2026-09-10,2026-09,대구,오프라인,이서연,P002,10,9000,90000,결제완료,Y,
A1100,2026-09-10,2026-09,경기,웹,이서연,P004,1,29000,29000,결제완료,Y,
A1101,2026-09-11,2026-09,서울,웹,이서연,P005,2,7000,14000,결제완료,Y,
A1102,2026-09-13,2026-09,부산,웹,최유나,P003,3,12000,36000,취소,N,
A1103,2026-09-14,2026-09,서울,웹,이서연,P001,8,15000,120000,결제완료,Y,
A1104,2026-09-17,2026-09,경기,웹,김민준,P003,2,12000,24000,결제완료,Y,
A1105,2026-09-18,2026-09,경기,웹,박지호,P002,6,9000,54000,취소,N,
A1106,2026-09-18,2026-09,대구,웹,최유나,P003,,12000,,결제완료,N,수량 빈칸
A1107,2026-09-18,2026-09,서울,웹,김민준,P001,1,15000,15000,결제완료,Y,
A1108,2026-09-18,2026-09,대구,앱,박지호,P006,4,45000,180000,결제완료,Y,
A1109,2026-09-20,2026-09,서울,앱,최유나,P001,1,15000,15000,결제완료,Y,
A1110,2026-09-20,2026-09,서울,오프라인,박지호,P001,2,15000,30000,결제완료,Y,
A1111,2026-09-20,2026-09,대구,앱,박지호,P006,2,45000,90000,결제완료,Y,
A1112,2026-09-22,2026-09,경기,앱,김민준,P001,3,15000,45000,환불,N,
A1113,2026-09-22,2026-09,서울,앱,김민준,P005,3,7000,21000,결제완료,Y,
A1114,2026-09-24,2026-09,서울,앱,이서연,P004,2,29000,58000,취소,N,
A1115,2026-09-24,2026-09,서울,앱,최유나,P006,4,45000,180000,결제완료,Y,
A1116,2026-09-24,2026-09,경기,웹,최유나,P004,6,29000,174000,결제완료,Y,
A1117,2026-09-25,2026-09,서울,웹,김민준,P001,1,15000,15000,결제완료,Y,
A1118,2026-09-26,2026-09,부산,앱,이서연,P005,1,7000,7000,결제완료,Y,
A1119,2026-09-28,2026-09,경기,앱,김민준,P002,5,9000,45000,결제완료,Y,
A1120,2026-09-29,2026-09,대구,오프라인,이서연,P004,3,29000,87000,환불,N,
