접수번호,접수일,접수경로,내용
V501,2026-07-01,리뷰,예상 도착일보다 3일 늦게 받았습니다.
V502,2026-07-02,전화,선물용인데 배송이 늦어져서 곤란합니다.
V503,2026-07-02,이메일,노트 세트 마감이 불량입니다. 도색이 벗겨져 있어요.
V504,2026-07-02,전화,배송 조회가 4일째 그대로입니다. 언제 오나요?
V505,2026-07-03,이메일,포장이 꼼꼼하고 배송도 빨랐어요. 감사합니다.
V506,2026-07-06,전화,주문한 지 4일이 지났는데 아직 배송이 안 왔어요.
V507,2026-07-09,이메일,주문한 지 4일이 지났는데 아직 배송이 안 왔어요.
V508,2026-07-09,리뷰,예상 도착일보다 4일 늦게 받았습니다.
V509,2026-07-12,전화,에코백 색상이 생각과 달라 교환하고 싶어요.
V510,2026-07-14,리뷰,박스가 찌그러져 있고 무선 충전기 모서리가 파손됐어요.
V511,2026-07-18,리뷰,에코백 품질이 좋아서 재구매했습니다.
V512,2026-07-20,전화,앱 전용 할인은 웹에서는 못 받나요?
V513,2026-07-23,앱 문의,법인 대량 구매 견적을 받고 싶습니다.
V514,2026-07-24,전화,머그컵에 흠집이 있어요. 새 제품 맞나요?
V515,2026-07-25,리뷰,포장이 꼼꼼하고 배송도 빨랐어요. 감사합니다.
V516,2026-07-25,앱 문의,선물용인데 배송이 늦어져서 곤란합니다.
V517,2026-07-27,앱 문의,환불 신청한 지 6일인데 입금이 안 됐습니다.
V518,2026-07-27,리뷰,영수증을 다시 발급받을 수 있나요?
V519,2026-07-29,앱 문의,무선 충전기 뚜껑이 깨진 채로 왔습니다.
V520,2026-07-31,리뷰,법인 대량 구매 견적을 받고 싶습니다.
V521,2026-08-02,전화,사이즈가 맞지 않아 반품 접수 부탁드립니다.
V522,2026-08-02,리뷰,머그컵에 흠집이 있어요. 새 제품 맞나요?
V523,2026-08-05,앱 문의,배송 조회가 3일째 그대로입니다. 언제 오나요?
V524,2026-08-06,전화,머그컵 마감이 불량입니다. 도색이 벗겨져 있어요.
V525,2026-08-06,앱 문의,무선 충전기 색상이 생각과 달라 교환하고 싶어요.
V526,2026-08-14,이메일,환불 절차가 너무 복잡해요. 어디서 신청하나요?
V527,2026-08-14,리뷰,노트 세트 뚜껑이 깨진 채로 왔습니다.
V528,2026-08-15,리뷰,어제 샀는데 오늘 할인하네요. 차액 환급 되나요?
V529,2026-08-16,이메일,쿠폰이 결제 화면에서 적용되지 않습니다.
V530,2026-08-18,리뷰,회원 정보에서 전화번호 변경이 안 돼요.
V531,2026-08-19,리뷰,환불 절차가 너무 복잡해요. 어디서 신청하나요?
V532,2026-08-21,앱 문의,주문한 지 6일이 지났는데 아직 배송이 안 왔어요.
V533,2026-08-22,이메일,텀블러 500ml 색상이 생각과 달라 교환하고 싶어요.
V534,2026-08-25,리뷰,선물용인데 배송이 늦어져서 곤란합니다.
V535,2026-08-25,앱 문의,주문한 지 8일이 지났는데 아직 배송이 안 왔어요.
V536,2026-09-05,이메일,환불 신청한 지 9일인데 입금이 안 됐습니다.
V537,2026-09-09,리뷰,예상 도착일보다 3일 늦게 받았습니다.
V538,2026-09-09,전화,쿠폰이 결제 화면에서 적용되지 않습니다.
V539,2026-09-10,이메일,사이즈가 맞지 않아 반품 접수 부탁드립니다.
V540,2026-09-16,전화,블루투스 스피커 품질이 좋아서 재구매했습니다.
V541,2026-09-18,리뷰,어제 샀는데 오늘 할인하네요. 차액 환급 되나요?
V542,2026-09-23,앱 문의,상담원분이 친절하게 안내해 주셨어요.
V543,2026-09-25,앱 문의,박스가 찌그러져 있고 머그컵 모서리가 파손됐어요.
V544,2026-09-26,리뷰,상담원분이 친절하게 안내해 주셨어요.
V545,2026-09-28,앱 문의,배송 조회가 3일째 그대로입니다. 언제 오나요?
